{
    "MENU": {
        "ELEMENTS": {
            "ELEMENTS": "Elementos",
            "BUTTONS": "Botões",
            "CARDS": "Cartões",
            "ICONS": "Ícones",
            "CHECKBOXES": "Caixas de seleção",
            "SWITCHES": "Opções",
            "RADIOS": "Rádios",
            "DIALOGS": "Caixas de diálogo",
            "GRIDS": "Grades",
            "FAB-SPEED": "FAB Discagem rápida",
            "FAB-TOOLBAR": "FAB barra de Ferramentas",
            "TABS": "Guias",
            "SLIDERS": "Controles deslizantes",
            "SELECTS": "Seleciona",
            "TABLES": "Tabelas",
            "PROGRESS": "Progresso",
            "SIDEBARS": "Sidebars",
            "TOOLBARS": "Barras de ferramentas",
            "TEXTANGULAR": "Textangular",
            "TOOLTIPS": "As dicas de ferramentas",
            "WHITEFRAMES": "Whiteframes",
            "TOASTS": "Brindes",
            "LISTS": "Listas",
            "CHIPS": "Fichas",
            "MENUS": "Menus"
        }
    }
}