{
    "MENU": {
        "CALENDAR": {
            "CALENDAR": "日历"
        }
    },
    "CALENDAR": {
        "ADD": "增加",
        "SAVE": "拯救",
        "ADD-EVENT": "增加的活动",
        "EDIT-EVENT": "编辑活动",
        "CANCEL": "取消",
        "DELETE": "删除",
        "EVENT": {
            "TITLE": "所有权",
            "ALL-DAY": "整天",
            "START": "开始",
            "END": "结束",
            "START-TIME": "开始的时间",
            "END-TIME": "结束的时候",
            "LOCATION": "地点",
            "DESCRIPTION": "描述",
            "COLOR": "颜色",
            "COLOR-PICK": "选个颜色",
            "NEW-EVENT": "新活动",
            "EVENT-CREATED": "活动创造了",
            "EVENT-UPDATED": "事件的更新",
            "EVENT-DELETED": "事件删除",
            "YEAR-PICK": "年",
            "MONTH-PICK": "一个月",
            "DATE-PICK": "约会",
            "HOUR-PICK": "小时",
            "MINUTE-PICK": "下"
        },
        "MONTHNAMES": {
            "JANUARY": "一月",
            "FEBRUARY": "二月",
            "MARCH": "三月",
            "APRIL": "四月",
            "MAY": "可",
            "JUNE": "六月",
            "JULY": "七月",
            "AUGUST": "八月",
            "SEPTEMBER": "九月",
            "OCTOBER": "十月",
            "NOVEMBER": "十一月",
            "DECEMBER": "十二月"
        },
        "TOOLBAR": {
            "CHANGE-VIEW": "改变观点",
            "VIEWS": {
                "MONTH": "一个月",
                "WEEK": "周",
                "DAY": "今天"
            }
        }
    }
}