{
    "MENU": {
        "LAYOUTS": {
            "TITLE": "Les mises en page",
            "COMPOSER": "Compositeur",
            "FULL-WIDTH": "Mise En Page Pleine Largeur",
            "ICON-MENU": "Menu De L'Icône",
            "TALL-TOOLBAR": "Hauteur de la Barre d'outils avec fond"
        }
    },
    "EXAMPLES": {
        "LAYOUTS": {
            "OPTIONS": {
                "SIDEMENU-SIZES": {
                    "HIDDEN": "Caché",
                    "ICONS": "Les icônes",
                    "FULL": "Pleine Taille"
                },
                "TOOLBAR-SIZES": {
                    "DEFAULT": "Par défaut",
                    "MEDIUM": "Moyen",
                    "TALL": "De haut"
                }
            }
        }
    }
}